author,year,title,subtitle,pages
RENE P., 2025, Étude préalable au projet d’Arrêté de Protection des Habitats Naturels « Ecosystèmes glaciaires du Luchonnais (31) », Direction Départementale des Territoires 31, 23p.
ASSOCIATION MORAINE, 2025, Observatoire des glaciers dans le bassin versant de la Garonne,"Projet de Territoire Garon’Amont, Conseil Départemental 31", 13p.
ASSOCIATION MORAINE, 2002 à 2025, Les glaciers des Pyrénées françaises, Rapports annuels d’étude,
ASSOCIATION MORAINE, 2012,"Le glacier du Mont Valier, une curiosité ariégeoise",, 16p.
ASSOCIATION MORAINE, 2011,Évolution des glaciers pyrénéens depuis la fin du XVIIIème,"Laboratoire GEODE, Projet FluxPyr", 24p.
ASSOCIATION MORAINE, 2010,"Le glacier des Oulettes de Gaube (Vignemale) - Surveillance à partir d’appareils photos automatiques (2009)",, 9p.
ASSOCIATION MORAINE, 2003,Reconstitution des variations frontales de trois glaciers pyrénéens depuis la fin du Petit Age Glaciaire (1850),"Programme ECLIPSE, Rapport d’étude", 31p.
ASSOCIATION MORAINE, 2001,"Les glaciers des Pyrénées françaises - Implantation de spits, Rapport d'étude",, 20p.
RENE P., 2000,Une méthode de valorisation d'un patrimoine naturel oublié : le cas des glaciers des Pyrénées françaises,"Rapport de stage, Université Toulouse Le Mirail - Parc National des Pyrénées", 164p.
